person,simple,finger,times
100,1,f1,1
100,1,f1,2
100,2,f1,1
100,2,f1,2
100,3,f1,1
100,3,f1,2
100,4,f1,1
100,4,f1,2
100,5,f1,1
100,5,f1,2
100,1,f2,1
100,1,f2,2
100,2,f2,1
100,2,f2,2
100,3,f2,1
100,3,f2,2
100,4,f2,1
100,4,f2,2
100,5,f2,1
100,5,f2,2
101,1,f1,1
101,1,f1,2
101,2,f1,1
101,2,f1,2
101,3,f1,1
101,3,f1,2
101,4,f1,1
101,4,f1,2
101,5,f1,1
101,5,f1,2
101,1,f2,1
101,1,f2,2
101,2,f2,1
101,2,f2,2
101,3,f2,1
101,3,f2,2
101,4,f2,1
101,4,f2,2
101,5,f2,1
101,5,f2,2
102,1,f1,1
102,1,f1,2
102,2,f1,1
102,2,f1,2
102,3,f1,1
102,3,f1,2
102,4,f1,1
102,4,f1,2
102,5,f1,1
102,5,f1,2
102,1,f2,1
102,1,f2,2
102,2,f2,1
102,2,f2,2
102,3,f2,1
102,3,f2,2
102,4,f2,1
102,4,f2,2
102,5,f2,1
102,5,f2,2
103,1,f1,1
103,1,f1,2
103,2,f1,1
103,2,f1,2
103,3,f1,1
103,3,f1,2
103,4,f1,1
103,4,f1,2
103,5,f1,1
103,5,f1,2
103,1,f2,1
103,1,f2,2
103,2,f2,1
103,2,f2,2
103,3,f2,1
103,3,f2,2
103,4,f2,1
103,4,f2,2
103,5,f2,1
103,5,f2,2
104,1,f1,1
104,1,f1,2
104,2,f1,1
104,2,f1,2
104,3,f1,1
104,3,f1,2
104,4,f1,1
104,4,f1,2
104,5,f1,1
104,5,f1,2
104,1,f2,1
104,1,f2,2
104,2,f2,1
104,2,f2,2
104,3,f2,1
104,3,f2,2
104,4,f2,1
104,4,f2,2
104,5,f2,1
104,5,f2,2
105,1,f1,1
105,1,f1,2
105,2,f1,1
105,2,f1,2
105,3,f1,1
105,3,f1,2
105,4,f1,1
105,4,f1,2
105,5,f1,1
105,5,f1,2
105,1,f2,1
105,1,f2,2
105,2,f2,1
105,2,f2,2
105,3,f2,1
105,3,f2,2
105,4,f2,1
105,4,f2,2
105,5,f2,1
105,5,f2,2
106,1,f1,1
106,2,f1,1
106,3,f1,1
106,4,f1,1
106,1,f2,1
106,2,f2,1
106,3,f2,1
106,4,f2,1
107,1,f1,1
107,2,f1,1
107,3,f1,1
107,4,f1,1
107,1,f2,1
107,2,f2,1
107,3,f2,1
107,4,f2,1
108,1,f1,1
108,2,f1,1
108,3,f1,1
108,4,f1,1
108,1,f2,1
108,2,f2,1
108,3,f2,1
108,4,f2,1
109,1,f1,1
109,2,f1,1
109,3,f1,1
109,4,f1,1
109,1,f2,1
109,2,f2,1
109,3,f2,1
109,4,f2,1
10,1,f1,1
10,1,f1,2
10,2,f1,1
10,2,f1,2
10,3,f1,1
10,3,f1,2
10,4,f1,1
10,4,f1,2
10,5,f1,1
10,5,f1,2
10,1,f2,1
10,1,f2,2
10,2,f2,1
10,2,f2,2
10,3,f2,1
10,3,f2,2
10,4,f2,1
10,4,f2,2
10,5,f2,1
10,5,f2,2
110,1,f1,1
110,2,f1,1
110,3,f1,1
110,4,f1,1
110,1,f2,1
110,2,f2,1
110,3,f2,1
110,4,f2,1
111,1,f1,1
111,2,f1,1
111,3,f1,1
111,4,f1,1
111,1,f2,1
111,2,f2,1
111,3,f2,1
111,4,f2,1
112,1,f1,1
112,2,f1,1
112,3,f1,1
112,4,f1,1
112,1,f2,1
112,2,f2,1
112,3,f2,1
112,4,f2,1
113,1,f1,1
113,2,f1,1
113,3,f1,1
113,4,f1,1
113,1,f2,1
113,2,f2,1
113,3,f2,1
113,4,f2,1
114,1,f1,1
114,2,f1,1
114,3,f1,1
114,4,f1,1
114,1,f2,1
114,2,f2,1
114,3,f2,1
114,4,f2,1
115,1,f1,1
115,2,f1,1
115,3,f1,1
115,4,f1,1
115,1,f2,1
115,2,f2,1
115,3,f2,1
115,4,f2,1
116,1,f1,1
116,2,f1,1
116,3,f1,1
116,4,f1,1
116,1,f2,1
116,2,f2,1
116,3,f2,1
116,4,f2,1
117,1,f1,1
117,2,f1,1
117,3,f1,1
117,4,f1,1
117,1,f2,1
117,2,f2,1
117,3,f2,1
117,4,f2,1
118,1,f1,1
118,2,f1,1
118,3,f1,1
118,4,f1,1
118,1,f2,1
118,2,f2,1
118,3,f2,1
118,4,f2,1
119,1,f1,1
119,2,f1,1
119,3,f1,1
119,4,f1,1
119,1,f2,1
119,2,f2,1
119,3,f2,1
119,4,f2,1
11,1,f1,1
11,1,f1,2
11,2,f1,1
11,2,f1,2
11,3,f1,1
11,3,f1,2
11,4,f1,1
11,4,f1,2
11,5,f1,1
11,5,f1,2
11,1,f2,1
11,1,f2,2
11,2,f2,1
11,2,f2,2
11,3,f2,1
11,3,f2,2
11,4,f2,1
11,4,f2,2
11,5,f2,1
11,5,f2,2
120,1,f1,1
120,2,f1,1
120,3,f1,1
120,4,f1,1
120,1,f2,1
120,2,f2,1
120,3,f2,1
120,4,f2,1
121,1,f1,1
121,2,f1,1
121,3,f1,1
121,4,f1,1
121,1,f2,1
121,2,f2,1
121,3,f2,1
121,4,f2,1
122,1,f1,1
122,2,f1,1
122,3,f1,1
122,4,f1,1
122,1,f2,1
122,2,f2,1
122,3,f2,1
122,4,f2,1
123,1,f1,1
123,2,f1,1
123,3,f1,1
123,4,f1,1
123,1,f2,1
123,2,f2,1
123,3,f2,1
123,4,f2,1
124,1,f1,1
124,2,f1,1
124,3,f1,1
124,4,f1,1
124,1,f2,1
124,2,f2,1
124,3,f2,1
124,4,f2,1
125,1,f1,1
125,2,f1,1
125,3,f1,1
125,4,f1,1
125,1,f2,1
125,2,f2,1
125,3,f2,1
125,4,f2,1
126,1,f1,1
126,2,f1,1
126,3,f1,1
126,4,f1,1
126,1,f2,1
126,2,f2,1
126,3,f2,1
126,4,f2,1
127,1,f1,1
127,2,f1,1
127,3,f1,1
127,4,f1,1
127,1,f2,1
127,2,f2,1
127,3,f2,1
127,4,f2,1
128,1,f1,1
128,2,f1,1
128,3,f1,1
128,4,f1,1
128,1,f2,1
128,2,f2,1
128,3,f2,1
128,4,f2,1
129,1,f1,1
129,2,f1,1
129,3,f1,1
129,4,f1,1
129,1,f2,1
129,2,f2,1
129,3,f2,1
129,4,f2,1
12,1,f1,1
12,1,f1,2
12,2,f1,1
12,2,f1,2
12,3,f1,1
12,3,f1,2
12,4,f1,1
12,4,f1,2
12,5,f1,1
12,5,f1,2
12,1,f2,1
12,1,f2,2
12,2,f2,1
12,2,f2,2
12,3,f2,1
12,3,f2,2
12,4,f2,1
12,4,f2,2
12,5,f2,1
12,5,f2,2
130,1,f1,1
130,2,f1,1
130,3,f1,1
130,4,f1,1
130,1,f2,1
130,2,f2,1
130,3,f2,1
130,4,f2,1
131,1,f1,1
131,2,f1,1
131,3,f1,1
131,4,f1,1
131,1,f2,1
131,2,f2,1
131,3,f2,1
131,4,f2,1
132,1,f1,1
132,2,f1,1
132,3,f1,1
132,4,f1,1
132,1,f2,1
132,2,f2,1
132,3,f2,1
132,4,f2,1
133,1,f1,1
133,2,f1,1
133,3,f1,1
133,4,f1,1
133,1,f2,1
133,2,f2,1
133,3,f2,1
133,4,f2,1
134,1,f1,1
134,2,f1,1
134,3,f1,1
134,4,f1,1
134,1,f2,1
134,2,f2,1
134,3,f2,1
134,4,f2,1
135,1,f1,1
135,2,f1,1
135,3,f1,1
135,4,f1,1
135,1,f2,1
135,2,f2,1
135,3,f2,1
135,4,f2,1
136,1,f1,1
136,2,f1,1
136,3,f1,1
136,4,f1,1
136,1,f2,1
136,2,f2,1
136,3,f2,1
136,4,f2,1
137,1,f1,1
137,2,f1,1
137,3,f1,1
137,4,f1,1
137,1,f2,1
137,2,f2,1
137,3,f2,1
137,4,f2,1
138,1,f1,1
138,2,f1,1
138,3,f1,1
138,4,f1,1
138,1,f2,1
138,2,f2,1
138,3,f2,1
138,4,f2,1
139,1,f1,1
139,2,f1,1
139,3,f1,1
139,4,f1,1
139,1,f2,1
139,2,f2,1
139,3,f2,1
139,4,f2,1
13,1,f1,1
13,1,f1,2
13,2,f1,1
13,2,f1,2
13,3,f1,1
13,3,f1,2
13,4,f1,1
13,4,f1,2
13,5,f1,1
13,5,f1,2
13,1,f2,1
13,1,f2,2
13,2,f2,1
13,2,f2,2
13,3,f2,1
13,3,f2,2
13,4,f2,1
13,4,f2,2
13,5,f2,1
13,5,f2,2
140,1,f1,1
140,2,f1,1
140,3,f1,1
140,4,f1,1
140,1,f2,1
140,2,f2,1
140,3,f2,1
140,4,f2,1
141,1,f1,1
141,2,f1,1
141,3,f1,1
141,4,f1,1
141,1,f2,1
141,2,f2,1
141,3,f2,1
141,4,f2,1
142,1,f1,1
142,2,f1,1
142,3,f1,1
142,4,f1,1
142,1,f2,1
142,2,f2,1
142,3,f2,1
142,4,f2,1
143,1,f1,1
143,2,f1,1
143,3,f1,1
143,4,f1,1
143,1,f2,1
143,2,f2,1
143,3,f2,1
143,4,f2,1
144,1,f1,1
144,2,f1,1
144,3,f1,1
144,4,f1,1
144,1,f2,1
144,2,f2,1
144,3,f2,1
144,4,f2,1
145,1,f1,1
145,2,f1,1
145,3,f1,1
145,4,f1,1
145,1,f2,1
145,2,f2,1
145,3,f2,1
145,4,f2,1
146,1,f1,1
146,2,f1,1
146,3,f1,1
146,4,f1,1
146,1,f2,1
146,2,f2,1
146,3,f2,1
146,4,f2,1
147,1,f1,1
147,2,f1,1
147,3,f1,1
147,4,f1,1
147,1,f2,1
147,2,f2,1
147,3,f2,1
147,4,f2,1
148,1,f1,1
148,2,f1,1
148,3,f1,1
148,4,f1,1
148,1,f2,1
148,2,f2,1
148,3,f2,1
148,4,f2,1
149,1,f1,1
149,2,f1,1
149,3,f1,1
149,4,f1,1
149,1,f2,1
149,2,f2,1
149,3,f2,1
149,4,f2,1
14,1,f1,1
14,1,f1,2
14,2,f1,1
14,2,f1,2
14,3,f1,1
14,3,f1,2
14,4,f1,1
14,4,f1,2
14,5,f1,1
14,5,f1,2
14,1,f2,1
14,1,f2,2
14,2,f2,1
14,2,f2,2
14,3,f2,1
14,3,f2,2
14,4,f2,1
14,4,f2,2
14,5,f2,1
14,5,f2,2
150,1,f1,1
150,2,f1,1
150,3,f1,1
150,4,f1,1
150,1,f2,1
150,2,f2,1
150,3,f2,1
150,4,f2,1
151,1,f1,1
151,2,f1,1
151,3,f1,1
151,4,f1,1
151,1,f2,1
151,2,f2,1
151,3,f2,1
151,4,f2,1
152,1,f1,1
152,2,f1,1
152,3,f1,1
152,4,f1,1
152,1,f2,1
152,2,f2,1
152,3,f2,1
152,4,f2,1
153,1,f1,1
153,2,f1,1
153,3,f1,1
153,4,f1,1
153,1,f2,1
153,2,f2,1
153,3,f2,1
153,4,f2,1
154,1,f1,1
154,2,f1,1
154,3,f1,1
154,4,f1,1
154,1,f2,1
154,2,f2,1
154,3,f2,1
154,4,f2,1
155,1,f1,1
155,2,f1,1
155,3,f1,1
155,4,f1,1
155,1,f2,1
155,2,f2,1
155,3,f2,1
155,4,f2,1
156,1,f1,1
156,2,f1,1
156,3,f1,1
156,4,f1,1
156,1,f2,1
156,2,f2,1
156,3,f2,1
156,4,f2,1
15,1,f1,1
15,1,f1,2
15,2,f1,1
15,2,f1,2
15,3,f1,1
15,3,f1,2
15,4,f1,1
15,4,f1,2
15,5,f1,1
15,5,f1,2
15,1,f2,1
15,1,f2,2
15,2,f2,1
15,2,f2,2
15,3,f2,1
15,3,f2,2
15,4,f2,1
15,4,f2,2
15,5,f2,1
15,5,f2,2
16,1,f1,1
16,1,f1,2
16,2,f1,1
16,2,f1,2
16,3,f1,1
16,3,f1,2
16,4,f1,1
16,4,f1,2
16,5,f1,1
16,5,f1,2
16,1,f2,1
16,1,f2,2
16,2,f2,1
16,2,f2,2
16,3,f2,1
16,3,f2,2
16,4,f2,1
16,4,f2,2
16,5,f2,1
16,5,f2,2
17,1,f1,1
17,1,f1,2
17,2,f1,1
17,2,f1,2
17,3,f1,1
17,3,f1,2
17,4,f1,1
17,4,f1,2
17,5,f1,1
17,5,f1,2
17,1,f2,1
17,1,f2,2
17,2,f2,1
17,2,f2,2
17,3,f2,1
17,3,f2,2
17,4,f2,1
17,4,f2,2
17,5,f2,1
17,5,f2,2
18,1,f1,1
18,1,f1,2
18,2,f1,1
18,2,f1,2
18,3,f1,1
18,3,f1,2
18,4,f1,1
18,4,f1,2
18,5,f1,1
18,5,f1,2
18,1,f2,1
18,1,f2,2
18,2,f2,1
18,2,f2,2
18,3,f2,1
18,3,f2,2
18,4,f2,1
18,4,f2,2
18,5,f2,1
18,5,f2,2
19,1,f1,1
19,1,f1,2
19,2,f1,1
19,2,f1,2
19,3,f1,1
19,3,f1,2
19,4,f1,1
19,4,f1,2
19,5,f1,1
19,5,f1,2
19,1,f2,1
19,1,f2,2
19,2,f2,1
19,2,f2,2
19,3,f2,1
19,3,f2,2
19,4,f2,1
19,4,f2,2
19,5,f2,1
19,5,f2,2
1,1,f1,1
1,1,f1,2
1,2,f1,1
1,2,f1,2
1,3,f1,1
1,3,f1,2
1,4,f1,1
1,4,f1,2
1,5,f1,1
1,5,f1,2
1,1,f2,1
1,1,f2,2
1,2,f2,1
1,2,f2,2
1,3,f2,1
1,3,f2,2
1,4,f2,1
1,4,f2,2
1,5,f2,1
1,5,f2,2
20,1,f1,1
20,1,f1,2
20,2,f1,1
20,2,f1,2
20,3,f1,1
20,3,f1,2
20,4,f1,1
20,4,f1,2
20,5,f1,1
20,5,f1,2
20,1,f2,1
20,1,f2,2
20,2,f2,1
20,2,f2,2
20,3,f2,1
20,3,f2,2
20,4,f2,1
20,4,f2,2
20,5,f2,1
20,5,f2,2
21,1,f1,1
21,1,f1,2
21,2,f1,1
21,2,f1,2
21,3,f1,1
21,3,f1,2
21,4,f1,1
21,4,f1,2
21,5,f1,1
21,5,f1,2
21,1,f2,1
21,1,f2,2
21,2,f2,1
21,2,f2,2
21,3,f2,1
21,3,f2,2
21,4,f2,1
21,4,f2,2
21,5,f2,1
21,5,f2,2
22,1,f1,1
22,1,f1,2
22,2,f1,1
22,2,f1,2
22,3,f1,1
22,3,f1,2
22,4,f1,1
22,4,f1,2
22,5,f1,1
22,5,f1,2
22,1,f2,1
22,1,f2,2
22,2,f2,1
22,2,f2,2
22,3,f2,1
22,3,f2,2
22,4,f2,1
22,4,f2,2
22,5,f2,1
22,5,f2,2
23,1,f1,1
23,1,f1,2
23,2,f1,1
23,2,f1,2
23,3,f1,1
23,3,f1,2
23,4,f1,1
23,4,f1,2
23,5,f1,1
23,5,f1,2
23,1,f2,1
23,1,f2,2
23,2,f2,1
23,2,f2,2
23,3,f2,1
23,3,f2,2
23,4,f2,1
23,4,f2,2
23,5,f2,1
23,5,f2,2
24,1,f1,1
24,1,f1,2
24,2,f1,1
24,2,f1,2
24,3,f1,1
24,3,f1,2
24,4,f1,1
24,4,f1,2
24,5,f1,1
24,5,f1,2
24,1,f2,1
24,1,f2,2
24,2,f2,1
24,2,f2,2
24,3,f2,1
24,3,f2,2
24,4,f2,1
24,4,f2,2
24,5,f2,1
24,5,f2,2
25,1,f1,1
25,1,f1,2
25,2,f1,1
25,2,f1,2
25,3,f1,1
25,3,f1,2
25,4,f1,1
25,4,f1,2
25,5,f1,1
25,5,f1,2
25,1,f2,1
25,1,f2,2
25,2,f2,1
25,2,f2,2
25,3,f2,1
25,3,f2,2
25,4,f2,1
25,4,f2,2
25,5,f2,1
25,5,f2,2
26,1,f1,1
26,1,f1,2
26,2,f1,1
26,2,f1,2
26,3,f1,1
26,3,f1,2
26,4,f1,1
26,4,f1,2
26,5,f1,1
26,5,f1,2
26,1,f2,1
26,1,f2,2
26,2,f2,1
26,2,f2,2
26,3,f2,1
26,3,f2,2
26,4,f2,1
26,4,f2,2
26,5,f2,1
26,5,f2,2
27,1,f1,1
27,1,f1,2
27,2,f1,1
27,2,f1,2
27,3,f1,1
27,3,f1,2
27,4,f1,1
27,4,f1,2
27,5,f1,1
27,5,f1,2
27,1,f2,1
27,1,f2,2
27,2,f2,1
27,2,f2,2
27,3,f2,1
27,3,f2,2
27,4,f2,1
27,4,f2,2
27,5,f2,1
27,5,f2,2
28,1,f1,1
28,1,f1,2
28,2,f1,1
28,2,f1,2
28,3,f1,1
28,3,f1,2
28,4,f1,1
28,4,f1,2
28,5,f1,1
28,5,f1,2
28,1,f2,1
28,1,f2,2
28,2,f2,1
28,2,f2,2
28,3,f2,1
28,3,f2,2
28,4,f2,1
28,4,f2,2
28,5,f2,1
28,5,f2,2
29,1,f1,1
29,1,f1,2
29,2,f1,1
29,2,f1,2
29,3,f1,1
29,3,f1,2
29,4,f1,1
29,4,f1,2
29,5,f1,1
29,5,f1,2
29,1,f2,1
29,1,f2,2
29,2,f2,1
29,2,f2,2
29,3,f2,1
29,3,f2,2
29,4,f2,1
29,4,f2,2
29,5,f2,1
29,5,f2,2
2,1,f1,1
2,1,f1,2
2,2,f1,1
2,2,f1,2
2,3,f1,1
2,3,f1,2
2,4,f1,1
2,4,f1,2
2,5,f1,1
2,5,f1,2
2,1,f2,1
2,1,f2,2
2,2,f2,1
2,2,f2,2
2,3,f2,1
2,3,f2,2
2,4,f2,1
2,4,f2,2
2,5,f2,1
2,5,f2,2
30,1,f1,1
30,1,f1,2
30,2,f1,1
30,2,f1,2
30,3,f1,1
30,3,f1,2
30,4,f1,1
30,4,f1,2
30,5,f1,1
30,5,f1,2
30,1,f2,1
30,1,f2,2
30,2,f2,1
30,2,f2,2
30,3,f2,1
30,3,f2,2
30,4,f2,1
30,4,f2,2
30,5,f2,1
30,5,f2,2
31,1,f1,1
31,1,f1,2
31,2,f1,1
31,2,f1,2
31,3,f1,1
31,3,f1,2
31,4,f1,1
31,4,f1,2
31,5,f1,1
31,5,f1,2
31,1,f2,1
31,1,f2,2
31,2,f2,1
31,2,f2,2
31,3,f2,1
31,3,f2,2
31,4,f2,1
31,4,f2,2
31,5,f2,1
31,5,f2,2
32,1,f1,1
32,1,f1,2
32,2,f1,1
32,2,f1,2
32,3,f1,1
32,3,f1,2
32,4,f1,1
32,4,f1,2
32,5,f1,1
32,5,f1,2
32,1,f2,1
32,1,f2,2
32,2,f2,1
32,2,f2,2
32,3,f2,1
32,3,f2,2
32,4,f2,1
32,4,f2,2
32,5,f2,1
32,5,f2,2
33,1,f1,1
33,1,f1,2
33,2,f1,1
33,2,f1,2
33,3,f1,1
33,3,f1,2
33,4,f1,1
33,4,f1,2
33,5,f1,1
33,5,f1,2
33,1,f2,1
33,1,f2,2
33,2,f2,1
33,2,f2,2
33,3,f2,1
33,3,f2,2
33,4,f2,1
33,4,f2,2
33,5,f2,1
33,5,f2,2
34,1,f1,1
34,1,f1,2
34,2,f1,1
34,2,f1,2
34,3,f1,1
34,3,f1,2
34,4,f1,1
34,4,f1,2
34,5,f1,1
34,5,f1,2
34,1,f2,1
34,1,f2,2
34,2,f2,1
34,2,f2,2
34,3,f2,1
34,3,f2,2
34,4,f2,1
34,4,f2,2
34,5,f2,1
34,5,f2,2
35,1,f1,1
35,1,f1,2
35,2,f1,1
35,2,f1,2
35,3,f1,1
35,3,f1,2
35,4,f1,1
35,4,f1,2
35,5,f1,1
35,5,f1,2
35,1,f2,1
35,1,f2,2
35,2,f2,1
35,2,f2,2
35,3,f2,1
35,3,f2,2
35,4,f2,1
35,4,f2,2
35,5,f2,1
35,5,f2,2
36,1,f1,1
36,1,f1,2
36,2,f1,1
36,2,f1,2
36,3,f1,1
36,3,f1,2
36,4,f1,1
36,4,f1,2
36,5,f1,1
36,5,f1,2
36,1,f2,1
36,1,f2,2
36,2,f2,1
36,2,f2,2
36,3,f2,1
36,3,f2,2
36,4,f2,1
36,4,f2,2
36,5,f2,1
36,5,f2,2
37,1,f1,1
37,1,f1,2
37,2,f1,1
37,2,f1,2
37,3,f1,1
37,3,f1,2
37,4,f1,1
37,4,f1,2
37,5,f1,1
37,5,f1,2
37,1,f2,1
37,1,f2,2
37,2,f2,1
37,2,f2,2
37,3,f2,1
37,3,f2,2
37,4,f2,1
37,4,f2,2
37,5,f2,1
37,5,f2,2
38,1,f1,1
38,1,f1,2
38,2,f1,1
38,2,f1,2
38,3,f1,1
38,3,f1,2
38,4,f1,1
38,4,f1,2
38,5,f1,1
38,5,f1,2
38,1,f2,1
38,1,f2,2
38,2,f2,1
38,2,f2,2
38,3,f2,1
38,3,f2,2
38,4,f2,1
38,4,f2,2
38,5,f2,1
38,5,f2,2
39,1,f1,1
39,1,f1,2
39,2,f1,1
39,2,f1,2
39,3,f1,1
39,3,f1,2
39,4,f1,1
39,4,f1,2
39,5,f1,1
39,5,f1,2
39,1,f2,1
39,1,f2,2
39,2,f2,1
39,2,f2,2
39,3,f2,1
39,3,f2,2
39,4,f2,1
39,4,f2,2
39,5,f2,1
39,5,f2,2
3,1,f1,1
3,1,f1,2
3,2,f1,1
3,2,f1,2
3,3,f1,1
3,3,f1,2
3,4,f1,1
3,4,f1,2
3,5,f1,1
3,5,f1,2
3,1,f2,1
3,1,f2,2
3,2,f2,1
3,2,f2,2
3,3,f2,1
3,3,f2,2
3,4,f2,1
3,4,f2,2
3,5,f2,1
3,5,f2,2
40,1,f1,1
40,1,f1,2
40,2,f1,1
40,2,f1,2
40,3,f1,1
40,3,f1,2
40,4,f1,1
40,4,f1,2
40,5,f1,1
40,5,f1,2
40,1,f2,1
40,1,f2,2
40,2,f2,1
40,2,f2,2
40,3,f2,1
40,3,f2,2
40,4,f2,1
40,4,f2,2
40,5,f2,1
40,5,f2,2
41,1,f1,1
41,1,f1,2
41,2,f1,1
41,2,f1,2
41,3,f1,1
41,3,f1,2
41,4,f1,1
41,4,f1,2
41,5,f1,1
41,5,f1,2
41,1,f2,1
41,1,f2,2
41,2,f2,1
41,2,f2,2
41,3,f2,1
41,3,f2,2
41,4,f2,1
41,4,f2,2
41,5,f2,1
41,5,f2,2
42,1,f1,1
42,1,f1,2
42,2,f1,1
42,2,f1,2
42,3,f1,1
42,3,f1,2
42,4,f1,1
42,4,f1,2
42,5,f1,1
42,5,f1,2
42,1,f2,1
42,1,f2,2
42,2,f2,1
42,2,f2,2
42,3,f2,1
42,3,f2,2
42,4,f2,1
42,4,f2,2
42,5,f2,1
42,5,f2,2
43,1,f1,1
43,1,f1,2
43,2,f1,1
43,2,f1,2
43,3,f1,1
43,3,f1,2
43,4,f1,1
43,4,f1,2
43,5,f1,1
43,5,f1,2
43,1,f2,1
43,1,f2,2
43,2,f2,1
43,2,f2,2
43,3,f2,1
43,3,f2,2
43,4,f2,1
43,4,f2,2
43,5,f2,1
43,5,f2,2
44,1,f1,1
44,1,f1,2
44,2,f1,1
44,2,f1,2
44,3,f1,1
44,3,f1,2
44,4,f1,1
44,4,f1,2
44,5,f1,1
44,5,f1,2
44,1,f2,1
44,1,f2,2
44,2,f2,1
44,2,f2,2
44,3,f2,1
44,3,f2,2
44,4,f2,1
44,4,f2,2
44,5,f2,1
44,5,f2,2
45,1,f1,1
45,1,f1,2
45,2,f1,1
45,2,f1,2
45,3,f1,1
45,3,f1,2
45,4,f1,1
45,4,f1,2
45,5,f1,1
45,5,f1,2
45,1,f2,1
45,1,f2,2
45,2,f2,1
45,2,f2,2
45,3,f2,1
45,3,f2,2
45,4,f2,1
45,4,f2,2
45,5,f2,1
45,5,f2,2
46,1,f1,1
46,1,f1,2
46,2,f1,1
46,2,f1,2
46,3,f1,1
46,3,f1,2
46,4,f1,1
46,4,f1,2
46,5,f1,1
46,5,f1,2
46,1,f2,1
46,1,f2,2
46,2,f2,1
46,2,f2,2
46,3,f2,1
46,3,f2,2
46,4,f2,1
46,4,f2,2
46,5,f2,1
46,5,f2,2
47,1,f1,1
47,1,f1,2
47,2,f1,1
47,2,f1,2
47,3,f1,1
47,3,f1,2
47,4,f1,1
47,4,f1,2
47,5,f1,1
47,5,f1,2
47,1,f2,1
47,1,f2,2
47,2,f2,1
47,2,f2,2
47,3,f2,1
47,3,f2,2
47,4,f2,1
47,4,f2,2
47,5,f2,1
47,5,f2,2
48,1,f1,1
48,1,f1,2
48,2,f1,1
48,2,f1,2
48,3,f1,1
48,3,f1,2
48,4,f1,1
48,4,f1,2
48,5,f1,1
48,5,f1,2
48,1,f2,1
48,1,f2,2
48,2,f2,1
48,2,f2,2
48,3,f2,1
48,3,f2,2
48,4,f2,1
48,4,f2,2
48,5,f2,1
48,5,f2,2
49,1,f1,1
49,1,f1,2
49,2,f1,1
49,2,f1,2
49,3,f1,1
49,3,f1,2
49,4,f1,1
49,4,f1,2
49,5,f1,1
49,5,f1,2
49,1,f2,1
49,1,f2,2
49,2,f2,1
49,2,f2,2
49,3,f2,1
49,3,f2,2
49,4,f2,1
49,4,f2,2
49,5,f2,1
49,5,f2,2
4,1,f1,1
4,1,f1,2
4,2,f1,1
4,2,f1,2
4,3,f1,1
4,3,f1,2
4,4,f1,1
4,4,f1,2
4,5,f1,1
4,5,f1,2
4,1,f2,1
4,1,f2,2
4,2,f2,1
4,2,f2,2
4,3,f2,1
4,3,f2,2
4,4,f2,1
4,4,f2,2
4,5,f2,1
4,5,f2,2
50,1,f1,1
50,1,f1,2
50,2,f1,1
50,2,f1,2
50,3,f1,1
50,3,f1,2
50,4,f1,1
50,4,f1,2
50,5,f1,1
50,5,f1,2
50,1,f2,1
50,1,f2,2
50,2,f2,1
50,2,f2,2
50,3,f2,1
50,3,f2,2
50,4,f2,1
50,4,f2,2
50,5,f2,1
50,5,f2,2
51,1,f1,1
51,1,f1,2
51,2,f1,1
51,2,f1,2
51,3,f1,1
51,3,f1,2
51,4,f1,1
51,4,f1,2
51,5,f1,1
51,5,f1,2
51,1,f2,1
51,1,f2,2
51,2,f2,1
51,2,f2,2
51,3,f2,1
51,3,f2,2
51,4,f2,1
51,4,f2,2
51,5,f2,1
51,5,f2,2
52,1,f1,1
52,1,f1,2
52,2,f1,1
52,2,f1,2
52,3,f1,1
52,3,f1,2
52,4,f1,1
52,4,f1,2
52,5,f1,1
52,5,f1,2
52,1,f2,1
52,1,f2,2
52,2,f2,1
52,2,f2,2
52,3,f2,1
52,3,f2,2
52,4,f2,1
52,4,f2,2
52,5,f2,1
52,5,f2,2
53,1,f1,1
53,1,f1,2
53,2,f1,1
53,2,f1,2
53,3,f1,1
53,3,f1,2
53,4,f1,1
53,4,f1,2
53,5,f1,1
53,5,f1,2
53,1,f2,1
53,1,f2,2
53,2,f2,1
53,2,f2,2
53,3,f2,1
53,3,f2,2
53,4,f2,1
53,4,f2,2
53,5,f2,1
53,5,f2,2
54,1,f1,1
54,1,f1,2
54,2,f1,1
54,2,f1,2
54,3,f1,1
54,3,f1,2
54,4,f1,1
54,4,f1,2
54,5,f1,1
54,5,f1,2
54,1,f2,1
54,1,f2,2
54,2,f2,1
54,2,f2,2
54,3,f2,1
54,3,f2,2
54,4,f2,1
54,4,f2,2
54,5,f2,1
54,5,f2,2
55,1,f1,1
55,1,f1,2
55,2,f1,1
55,2,f1,2
55,3,f1,1
55,3,f1,2
55,4,f1,1
55,4,f1,2
55,5,f1,1
55,5,f1,2
55,1,f2,1
55,1,f2,2
55,2,f2,1
55,2,f2,2
55,3,f2,1
55,3,f2,2
55,4,f2,1
55,4,f2,2
55,5,f2,1
55,5,f2,2
56,1,f1,1
56,1,f1,2
56,2,f1,1
56,2,f1,2
56,3,f1,1
56,3,f1,2
56,4,f1,1
56,4,f1,2
56,5,f1,1
56,5,f1,2
56,1,f2,1
56,1,f2,2
56,2,f2,1
56,2,f2,2
56,3,f2,1
56,3,f2,2
56,4,f2,1
56,4,f2,2
56,5,f2,1
56,5,f2,2
57,1,f1,1
57,1,f1,2
57,2,f1,1
57,2,f1,2
57,3,f1,1
57,3,f1,2
57,4,f1,1
57,4,f1,2
57,5,f1,1
57,5,f1,2
57,1,f2,1
57,1,f2,2
57,2,f2,1
57,2,f2,2
57,3,f2,1
57,3,f2,2
57,4,f2,1
57,4,f2,2
57,5,f2,1
57,5,f2,2
58,1,f1,1
58,1,f1,2
58,2,f1,1
58,2,f1,2
58,3,f1,1
58,3,f1,2
58,4,f1,1
58,4,f1,2
58,5,f1,1
58,5,f1,2
58,1,f2,1
58,1,f2,2
58,2,f2,1
58,2,f2,2
58,3,f2,1
58,3,f2,2
58,4,f2,1
58,4,f2,2
58,5,f2,1
58,5,f2,2
59,1,f1,1
59,1,f1,2
59,2,f1,1
59,2,f1,2
59,3,f1,1
59,3,f1,2
59,4,f1,1
59,4,f1,2
59,5,f1,1
59,5,f1,2
59,1,f2,1
59,1,f2,2
59,2,f2,1
59,2,f2,2
59,3,f2,1
59,3,f2,2
59,4,f2,1
59,4,f2,2
59,5,f2,1
59,5,f2,2
5,1,f1,1
5,1,f1,2
5,2,f1,1
5,2,f1,2
5,3,f1,1
5,3,f1,2
5,4,f1,1
5,4,f1,2
5,5,f1,1
5,5,f1,2
5,1,f2,1
5,1,f2,2
5,2,f2,1
5,2,f2,2
5,3,f2,1
5,3,f2,2
5,4,f2,1
5,4,f2,2
5,5,f2,1
5,5,f2,2
60,1,f1,1
60,1,f1,2
60,2,f1,1
60,2,f1,2
60,3,f1,1
60,3,f1,2
60,4,f1,1
60,4,f1,2
60,5,f1,1
60,5,f1,2
60,1,f2,1
60,1,f2,2
60,2,f2,1
60,2,f2,2
60,3,f2,1
60,3,f2,2
60,4,f2,1
60,4,f2,2
60,5,f2,1
60,5,f2,2
61,1,f1,1
61,1,f1,2
61,2,f1,1
61,2,f1,2
61,3,f1,1
61,3,f1,2
61,4,f1,1
61,4,f1,2
61,5,f1,1
61,5,f1,2
61,1,f2,1
61,1,f2,2
61,2,f2,1
61,2,f2,2
61,3,f2,1
61,3,f2,2
61,4,f2,1
61,4,f2,2
61,5,f2,1
61,5,f2,2
62,1,f1,1
62,1,f1,2
62,2,f1,1
62,2,f1,2
62,3,f1,1
62,3,f1,2
62,4,f1,1
62,4,f1,2
62,5,f1,1
62,5,f1,2
62,1,f2,1
62,1,f2,2
62,2,f2,1
62,2,f2,2
62,3,f2,1
62,3,f2,2
62,4,f2,1
62,4,f2,2
62,5,f2,1
62,5,f2,2
63,1,f1,1
63,1,f1,2
63,2,f1,1
63,2,f1,2
63,3,f1,1
63,3,f1,2
63,4,f1,1
63,4,f1,2
63,5,f1,1
63,5,f1,2
63,1,f2,1
63,1,f2,2
63,2,f2,1
63,2,f2,2
63,3,f2,1
63,3,f2,2
63,4,f2,1
63,4,f2,2
63,5,f2,1
63,5,f2,2
64,1,f1,1
64,1,f1,2
64,2,f1,1
64,2,f1,2
64,3,f1,1
64,3,f1,2
64,4,f1,1
64,4,f1,2
64,5,f1,1
64,5,f1,2
64,1,f2,1
64,1,f2,2
64,2,f2,1
64,2,f2,2
64,3,f2,1
64,3,f2,2
64,4,f2,1
64,4,f2,2
64,5,f2,1
64,5,f2,2
65,1,f1,1
65,1,f1,2
65,2,f1,1
65,2,f1,2
65,3,f1,1
65,3,f1,2
65,4,f1,1
65,4,f1,2
65,5,f1,1
65,5,f1,2
65,1,f2,1
65,1,f2,2
65,2,f2,1
65,2,f2,2
65,3,f2,1
65,3,f2,2
65,4,f2,1
65,4,f2,2
65,5,f2,1
65,5,f2,2
66,1,f1,1
66,1,f1,2
66,2,f1,1
66,2,f1,2
66,3,f1,1
66,3,f1,2
66,4,f1,1
66,4,f1,2
66,5,f1,1
66,5,f1,2
66,1,f2,1
66,1,f2,2
66,2,f2,1
66,2,f2,2
66,3,f2,1
66,3,f2,2
66,4,f2,1
66,4,f2,2
66,5,f2,1
66,5,f2,2
67,1,f1,1
67,1,f1,2
67,2,f1,1
67,2,f1,2
67,3,f1,1
67,3,f1,2
67,4,f1,1
67,4,f1,2
67,5,f1,1
67,5,f1,2
67,1,f2,1
67,1,f2,2
67,2,f2,1
67,2,f2,2
67,3,f2,1
67,3,f2,2
67,4,f2,1
67,4,f2,2
67,5,f2,1
67,5,f2,2
68,1,f1,1
68,1,f1,2
68,2,f1,1
68,2,f1,2
68,3,f1,1
68,3,f1,2
68,4,f1,1
68,4,f1,2
68,5,f1,1
68,5,f1,2
68,1,f2,1
68,1,f2,2
68,2,f2,1
68,2,f2,2
68,3,f2,1
68,3,f2,2
68,4,f2,1
68,4,f2,2
68,5,f2,1
68,5,f2,2
69,1,f1,1
69,1,f1,2
69,2,f1,1
69,2,f1,2
69,3,f1,1
69,3,f1,2
69,4,f1,1
69,4,f1,2
69,5,f1,1
69,5,f1,2
69,1,f2,1
69,1,f2,2
69,2,f2,1
69,2,f2,2
69,3,f2,1
69,3,f2,2
69,4,f2,1
69,4,f2,2
69,5,f2,1
69,5,f2,2
6,1,f1,1
6,1,f1,2
6,2,f1,1
6,2,f1,2
6,3,f1,1
6,3,f1,2
6,4,f1,1
6,4,f1,2
6,5,f1,1
6,5,f1,2
6,1,f2,1
6,1,f2,2
6,2,f2,1
6,2,f2,2
6,3,f2,1
6,3,f2,2
6,4,f2,1
6,4,f2,2
6,5,f2,1
6,5,f2,2
70,1,f1,1
70,1,f1,2
70,2,f1,1
70,2,f1,2
70,3,f1,1
70,3,f1,2
70,4,f1,1
70,4,f1,2
70,5,f1,1
70,5,f1,2
70,1,f2,1
70,1,f2,2
70,2,f2,1
70,2,f2,2
70,3,f2,1
70,3,f2,2
70,4,f2,1
70,4,f2,2
70,5,f2,1
70,5,f2,2
71,1,f1,1
71,1,f1,2
71,2,f1,1
71,2,f1,2
71,3,f1,1
71,3,f1,2
71,4,f1,1
71,4,f1,2
71,5,f1,1
71,5,f1,2
71,1,f2,1
71,1,f2,2
71,2,f2,1
71,2,f2,2
71,3,f2,1
71,3,f2,2
71,4,f2,1
71,4,f2,2
71,5,f2,1
71,5,f2,2
72,1,f1,1
72,1,f1,2
72,2,f1,1
72,2,f1,2
72,3,f1,1
72,3,f1,2
72,4,f1,1
72,4,f1,2
72,5,f1,1
72,5,f1,2
72,1,f2,1
72,1,f2,2
72,2,f2,1
72,2,f2,2
72,3,f2,1
72,3,f2,2
72,4,f2,1
72,4,f2,2
72,5,f2,1
72,5,f2,2
73,1,f1,1
73,1,f1,2
73,2,f1,1
73,2,f1,2
73,3,f1,1
73,3,f1,2
73,4,f1,1
73,4,f1,2
73,5,f1,1
73,5,f1,2
73,1,f2,1
73,1,f2,2
73,2,f2,1
73,2,f2,2
73,3,f2,1
73,3,f2,2
73,4,f2,1
73,4,f2,2
73,5,f2,1
73,5,f2,2
74,1,f1,1
74,1,f1,2
74,2,f1,1
74,2,f1,2
74,3,f1,1
74,3,f1,2
74,4,f1,1
74,4,f1,2
74,5,f1,1
74,5,f1,2
74,1,f2,1
74,1,f2,2
74,2,f2,1
74,2,f2,2
74,3,f2,1
74,3,f2,2
74,4,f2,1
74,4,f2,2
74,5,f2,1
74,5,f2,2
75,1,f1,1
75,1,f1,2
75,2,f1,1
75,2,f1,2
75,3,f1,1
75,3,f1,2
75,4,f1,1
75,4,f1,2
75,5,f1,1
75,5,f1,2
75,1,f2,1
75,1,f2,2
75,2,f2,1
75,2,f2,2
75,3,f2,1
75,3,f2,2
75,4,f2,1
75,4,f2,2
75,5,f2,1
75,5,f2,2
76,1,f1,1
76,1,f1,2
76,2,f1,1
76,2,f1,2
76,3,f1,1
76,3,f1,2
76,4,f1,1
76,4,f1,2
76,5,f1,1
76,5,f1,2
76,1,f2,1
76,1,f2,2
76,2,f2,1
76,2,f2,2
76,3,f2,1
76,3,f2,2
76,4,f2,1
76,4,f2,2
76,5,f2,1
76,5,f2,2
77,1,f1,1
77,1,f1,2
77,2,f1,1
77,2,f1,2
77,3,f1,1
77,3,f1,2
77,4,f1,1
77,4,f1,2
77,5,f1,1
77,5,f1,2
77,1,f2,1
77,1,f2,2
77,2,f2,1
77,2,f2,2
77,3,f2,1
77,3,f2,2
77,4,f2,1
77,4,f2,2
77,5,f2,1
77,5,f2,2
78,1,f1,1
78,1,f1,2
78,2,f1,1
78,2,f1,2
78,3,f1,1
78,3,f1,2
78,4,f1,1
78,4,f1,2
78,5,f1,1
78,5,f1,2
78,1,f2,1
78,1,f2,2
78,2,f2,1
78,2,f2,2
78,3,f2,1
78,3,f2,2
78,4,f2,1
78,4,f2,2
78,5,f2,1
78,5,f2,2
79,1,f1,1
79,1,f1,2
79,2,f1,1
79,2,f1,2
79,3,f1,1
79,3,f1,2
79,4,f1,1
79,4,f1,2
79,5,f1,1
79,5,f1,2
79,1,f2,1
79,1,f2,2
79,2,f2,1
79,2,f2,2
79,3,f2,1
79,3,f2,2
79,4,f2,1
79,4,f2,2
79,5,f2,1
79,5,f2,2
7,1,f1,1
7,1,f1,2
7,2,f1,1
7,2,f1,2
7,3,f1,1
7,3,f1,2
7,4,f1,1
7,4,f1,2
7,5,f1,1
7,5,f1,2
7,1,f2,1
7,1,f2,2
7,2,f2,1
7,2,f2,2
7,3,f2,1
7,3,f2,2
7,4,f2,1
7,4,f2,2
7,5,f2,1
7,5,f2,2
80,1,f1,1
80,1,f1,2
80,2,f1,1
80,2,f1,2
80,3,f1,1
80,3,f1,2
80,4,f1,1
80,4,f1,2
80,5,f1,1
80,5,f1,2
80,1,f2,1
80,1,f2,2
80,2,f2,1
80,2,f2,2
80,3,f2,1
80,3,f2,2
80,4,f2,1
80,4,f2,2
80,5,f2,1
80,5,f2,2
81,1,f1,1
81,1,f1,2
81,2,f1,1
81,2,f1,2
81,3,f1,1
81,3,f1,2
81,4,f1,1
81,4,f1,2
81,5,f1,1
81,5,f1,2
81,1,f2,1
81,1,f2,2
81,2,f2,1
81,2,f2,2
81,3,f2,1
81,3,f2,2
81,4,f2,1
81,4,f2,2
81,5,f2,1
81,5,f2,2
82,1,f1,1
82,1,f1,2
82,2,f1,1
82,2,f1,2
82,3,f1,1
82,3,f1,2
82,4,f1,1
82,4,f1,2
82,5,f1,1
82,5,f1,2
82,1,f2,1
82,1,f2,2
82,2,f2,1
82,2,f2,2
82,3,f2,1
82,3,f2,2
82,4,f2,1
82,4,f2,2
82,5,f2,1
82,5,f2,2
83,1,f1,1
83,1,f1,2
83,2,f1,1
83,2,f1,2
83,3,f1,1
83,3,f1,2
83,4,f1,1
83,4,f1,2
83,5,f1,1
83,5,f1,2
83,1,f2,1
83,1,f2,2
83,2,f2,1
83,2,f2,2
83,3,f2,1
83,3,f2,2
83,4,f2,1
83,4,f2,2
83,5,f2,1
83,5,f2,2
84,1,f1,1
84,1,f1,2
84,2,f1,1
84,2,f1,2
84,3,f1,1
84,3,f1,2
84,4,f1,1
84,4,f1,2
84,5,f1,1
84,5,f1,2
84,1,f2,1
84,1,f2,2
84,2,f2,1
84,2,f2,2
84,3,f2,1
84,3,f2,2
84,4,f2,1
84,4,f2,2
84,5,f2,1
84,5,f2,2
85,1,f1,1
85,1,f1,2
85,2,f1,1
85,2,f1,2
85,3,f1,1
85,3,f1,2
85,4,f1,1
85,4,f1,2
85,5,f1,1
85,5,f1,2
85,1,f2,1
85,1,f2,2
85,2,f2,1
85,2,f2,2
85,3,f2,1
85,3,f2,2
85,4,f2,1
85,4,f2,2
85,5,f2,1
85,5,f2,2
86,1,f1,1
86,1,f1,2
86,2,f1,1
86,2,f1,2
86,3,f1,1
86,3,f1,2
86,4,f1,1
86,4,f1,2
86,5,f1,1
86,5,f1,2
86,1,f2,1
86,1,f2,2
86,2,f2,1
86,2,f2,2
86,3,f2,1
86,3,f2,2
86,4,f2,1
86,4,f2,2
86,5,f2,1
86,5,f2,2
87,1,f1,1
87,1,f1,2
87,2,f1,1
87,2,f1,2
87,3,f1,1
87,3,f1,2
87,4,f1,1
87,4,f1,2
87,5,f1,1
87,5,f1,2
87,1,f2,1
87,1,f2,2
87,2,f2,1
87,2,f2,2
87,3,f2,1
87,3,f2,2
87,4,f2,1
87,4,f2,2
87,5,f2,1
87,5,f2,2
88,1,f1,1
88,1,f1,2
88,2,f1,1
88,2,f1,2
88,3,f1,1
88,3,f1,2
88,4,f1,1
88,4,f1,2
88,5,f1,1
88,5,f1,2
88,1,f2,1
88,1,f2,2
88,2,f2,1
88,2,f2,2
88,3,f2,1
88,3,f2,2
88,4,f2,1
88,4,f2,2
88,5,f2,1
88,5,f2,2
89,1,f1,1
89,1,f1,2
89,2,f1,1
89,2,f1,2
89,3,f1,1
89,3,f1,2
89,4,f1,1
89,4,f1,2
89,5,f1,1
89,5,f1,2
89,1,f2,1
89,1,f2,2
89,2,f2,1
89,2,f2,2
89,3,f2,1
89,3,f2,2
89,4,f2,1
89,4,f2,2
89,5,f2,1
89,5,f2,2
8,1,f1,1
8,1,f1,2
8,2,f1,1
8,2,f1,2
8,3,f1,1
8,3,f1,2
8,4,f1,1
8,4,f1,2
8,5,f1,1
8,5,f1,2
8,1,f2,1
8,1,f2,2
8,2,f2,1
8,2,f2,2
8,3,f2,1
8,3,f2,2
8,4,f2,1
8,4,f2,2
8,5,f2,1
8,5,f2,2
90,1,f1,1
90,1,f1,2
90,2,f1,1
90,2,f1,2
90,3,f1,1
90,3,f1,2
90,4,f1,1
90,4,f1,2
90,5,f1,1
90,5,f1,2
90,1,f2,1
90,1,f2,2
90,2,f2,1
90,2,f2,2
90,3,f2,1
90,3,f2,2
90,4,f2,1
90,4,f2,2
90,5,f2,1
90,5,f2,2
91,1,f1,1
91,1,f1,2
91,2,f1,1
91,2,f1,2
91,3,f1,1
91,3,f1,2
91,4,f1,1
91,4,f1,2
91,5,f1,1
91,5,f1,2
91,1,f2,1
91,1,f2,2
91,2,f2,1
91,2,f2,2
91,3,f2,1
91,3,f2,2
91,4,f2,1
91,4,f2,2
91,5,f2,1
91,5,f2,2
92,1,f1,1
92,1,f1,2
92,2,f1,1
92,2,f1,2
92,3,f1,1
92,3,f1,2
92,4,f1,1
92,4,f1,2
92,5,f1,1
92,5,f1,2
92,1,f2,1
92,1,f2,2
92,2,f2,1
92,2,f2,2
92,3,f2,1
92,3,f2,2
92,4,f2,1
92,4,f2,2
92,5,f2,1
92,5,f2,2
93,1,f1,1
93,1,f1,2
93,2,f1,1
93,2,f1,2
93,3,f1,1
93,3,f1,2
93,4,f1,1
93,4,f1,2
93,5,f1,1
93,5,f1,2
93,1,f2,1
93,1,f2,2
93,2,f2,1
93,2,f2,2
93,3,f2,1
93,3,f2,2
93,4,f2,1
93,4,f2,2
93,5,f2,1
93,5,f2,2
94,1,f1,1
94,1,f1,2
94,2,f1,1
94,2,f1,2
94,3,f1,1
94,3,f1,2
94,4,f1,1
94,4,f1,2
94,5,f1,1
94,5,f1,2
94,1,f2,1
94,1,f2,2
94,2,f2,1
94,2,f2,2
94,3,f2,1
94,3,f2,2
94,4,f2,1
94,4,f2,2
94,5,f2,1
94,5,f2,2
95,1,f1,1
95,1,f1,2
95,2,f1,1
95,2,f1,2
95,3,f1,1
95,3,f1,2
95,4,f1,1
95,4,f1,2
95,5,f1,1
95,5,f1,2
95,1,f2,1
95,1,f2,2
95,2,f2,1
95,2,f2,2
95,3,f2,1
95,3,f2,2
95,4,f2,1
95,4,f2,2
95,5,f2,1
95,5,f2,2
96,1,f1,1
96,1,f1,2
96,2,f1,1
96,2,f1,2
96,3,f1,1
96,3,f1,2
96,4,f1,1
96,4,f1,2
96,5,f1,1
96,5,f1,2
96,1,f2,1
96,1,f2,2
96,2,f2,1
96,2,f2,2
96,3,f2,1
96,3,f2,2
96,4,f2,1
96,4,f2,2
96,5,f2,1
96,5,f2,2
97,1,f1,1
97,1,f1,2
97,2,f1,1
97,2,f1,2
97,3,f1,1
97,3,f1,2
97,4,f1,1
97,4,f1,2
97,5,f1,1
97,5,f1,2
97,1,f2,1
97,1,f2,2
97,2,f2,1
97,2,f2,2
97,3,f2,1
97,3,f2,2
97,4,f2,1
97,4,f2,2
97,5,f2,1
97,5,f2,2
98,1,f1,1
98,1,f1,2
98,2,f1,1
98,2,f1,2
98,3,f1,1
98,3,f1,2
98,4,f1,1
98,4,f1,2
98,5,f1,1
98,5,f1,2
98,1,f2,1
98,1,f2,2
98,2,f2,1
98,2,f2,2
98,3,f2,1
98,3,f2,2
98,4,f2,1
98,4,f2,2
98,5,f2,1
98,5,f2,2
99,1,f1,1
99,1,f1,2
99,2,f1,1
99,2,f1,2
99,3,f1,1
99,3,f1,2
99,4,f1,1
99,4,f1,2
99,5,f1,1
99,5,f1,2
99,1,f2,1
99,1,f2,2
99,2,f2,1
99,2,f2,2
99,3,f2,1
99,3,f2,2
99,4,f2,1
99,4,f2,2
99,5,f2,1
99,5,f2,2
9,1,f1,1
9,1,f1,2
9,2,f1,1
9,2,f1,2
9,3,f1,1
9,3,f1,2
9,4,f1,1
9,4,f1,2
9,5,f1,1
9,5,f1,2
9,1,f2,1
9,1,f2,2
9,2,f2,1
9,2,f2,2
9,3,f2,1
9,3,f2,2
9,4,f2,1
9,4,f2,2
9,5,f2,1
9,5,f2,2
